{
  "0": [
    141.935625, 369.59875, 448.131875, 1629.4350000000004, 1096.2975000000004,
    4347.859375000001, 1970.061875
  ],
  "1": [
    1064.26375, 405.0975, 137.18187500000002, 1312.6612499999999,
    1813.0962499999996, 5337.94, 1189.9625000000003
  ],
  "2": [
    1353.1293750000002, 6096.55375, 3165.481875, 18290.605624999997, 2649.575,
    4663.414374999999, 888.8031250000001
  ],
  "3": [
    2617.8293749999993, 361.41, 215.91750000000002, 1109.2968749999998,
    1684.0962499999998, 3431.186875, 1531.3143750000002
  ],
  "4": [
    1268.504210526316, 495.19263157894744, 271.1452631578947,
    1575.5189473684209, 3715.5478947368415, 32727.01789473684,
    43123.280526315786
  ],
  "5": [
    218.38125000000002, 752.4449999999999, 971.6562500000002, 8513.966250000001,
    10986.645625000001, 4191.5725, 3641.6356250000013
  ]
}
