{
  "0": [
    1.0325000000000002, 46289.76125, 1188.630625, 12484.528125,
    50423.027500000004, 3325.4518749999993, 0.24750000000000005,
    58097.395625000005
  ],
  "1": [
    5569.365624999999, 948.434375, 1550.0731250000001, 9133.459375,
    12903.298750000002, 4659.593125000001, 0.21624999999999997,
    10003.977499999997
  ],
  "2": [
    0.89875, 1843.1312499999997, 11003.106249999997, 2774.50875,
    260120.36187499994, 4801.465000000001, 0.230625, 48354.55687500001
  ],
  "3": [
    1.1493749999999998, 596.5712500000002, 1292.7049999999997, 654.640625,
    4398.098749999999, 736.721875, 0.25875, 3215.1418750000007
  ],
  "4": [
    1.206875, 87287.31874999999, 673.3356249999999, 84161.22, 1985.610625,
    6505.876250000001, 0.2174999999999999, 3480.5143749999997
  ],
  "5": [
    1.1275000000000004, 14056.70625, 4854.341249999999, 47172.59625, 22329.4575,
    0.0, 0.168125, 16365.93875
  ]
}
